,horizonte,rodal_id,Zona,SiteIndex,Especie,Edad,Manejo,Biomasa
0,0,rodal_0,7,29,Pinus,13,Intensivo2,1009.7591703721108
1,1,rodal_0,7,29,Pinus,14,Intensivo2,1231.3026581164158
2,2,rodal_0,7,29,Pinus,15,Intensivo2,1484.146007293581
3,3,rodal_0,7,29,Pinus,16,Intensivo2,1770.1798867956195
4,4,rodal_0,7,29,Pinus,17,Intensivo2,2091.276122059702
5,5,rodal_0,7,29,Pinus,18,Intensivo2,2449.289046882106
6,6,rodal_0,7,29,Pinus,19,Intensivo2,2846.0566843820866
7,7,rodal_0,7,29,Pinus,20,Intensivo2,3283.401787025142
8,8,rodal_0,7,29,Pinus,21,Intensivo2,3763.132759074234
9,9,rodal_0,7,29,Pinus,22,Intensivo2,4287.0444799842635
10,10,rodal_0,7,29,Pinus,23,Intensivo2,2123.369711190946
11,11,rodal_0,7,29,Pinus,24,Intensivo2,2263.0587559295523
12,12,rodal_0,7,29,Pinus,25,Intensivo2,2401.4381494974637
13,13,rodal_0,7,29,Pinus,26,Intensivo2,2538.571862443805
14,14,rodal_0,7,29,Pinus,27,Intensivo2,2674.5184081615284
15,15,rodal_0,7,29,Pinus,28,Intensivo2,2809.3314927877664
16,16,rodal_0,7,29,Pinus,29,Intensivo2,2943.0605673061996
17,17,rodal_0,7,29,Pinus,30,Intensivo2,3075.751299427947
18,18,rodal_0,7,29,Pinus,31,Intensivo2,0.0
19,19,rodal_0,7,29,Pinus,32,Intensivo2,0.0
20,20,rodal_0,7,29,Pinus,33,Intensivo2,0.0
21,21,rodal_0,7,29,Pinus,34,Intensivo2,0.0
22,22,rodal_0,7,29,Pinus,35,Intensivo2,0.0
23,23,rodal_0,7,29,Pinus,36,Intensivo2,0.0
24,24,rodal_0,7,29,Pinus,37,Intensivo2,0.0
25,25,rodal_0,7,29,Pinus,38,Intensivo2,0.0
26,26,rodal_0,7,29,Pinus,39,Intensivo2,0.0
27,27,rodal_0,7,29,Pinus,40,Intensivo2,0.0
28,28,rodal_0,7,29,Pinus,41,Intensivo2,0.0
29,29,rodal_0,7,29,Pinus,42,Intensivo2,0.0
30,30,rodal_0,7,29,Pinus,43,Intensivo2,0.0
31,31,rodal_0,7,29,Pinus,44,Intensivo2,0.0
32,32,rodal_0,7,29,Pinus,45,Intensivo2,0.0
33,33,rodal_0,7,29,Pinus,46,Intensivo2,0.0
34,34,rodal_0,7,29,Pinus,47,Intensivo2,0.0
35,35,rodal_0,7,29,Pinus,48,Intensivo2,0.0
36,36,rodal_0,7,29,Pinus,49,Intensivo2,0.0
37,37,rodal_0,7,29,Pinus,50,Intensivo2,0.0
38,38,rodal_0,7,29,Pinus,51,Intensivo2,0.0
39,39,rodal_0,7,29,Pinus,52,Intensivo2,0.0
40,0,rodal_1,7,26,Pinus,2,Multipropósito,0.0
41,1,rodal_1,7,26,Pinus,3,Multipropósito,0.0
42,2,rodal_1,7,26,Pinus,4,Multipropósito,0.0
43,3,rodal_1,7,26,Pinus,5,Multipropósito,0.0
44,4,rodal_1,7,26,Pinus,6,Multipropósito,0.0
45,5,rodal_1,7,26,Pinus,7,Multipropósito,0.0
46,6,rodal_1,7,26,Pinus,8,Multipropósito,0.0
47,7,rodal_1,7,26,Pinus,9,Multipropósito,0.0
48,8,rodal_1,7,26,Pinus,10,Multipropósito,13.680009586847177
49,9,rodal_1,7,26,Pinus,11,Multipropósito,99.96015158988854
50,10,rodal_1,7,26,Pinus,12,Multipropósito,183.65578785212733
51,11,rodal_1,7,26,Pinus,13,Multipropósito,265.05094647735376
52,12,rodal_1,7,26,Pinus,14,Multipropósito,344.37915933615983
53,13,rodal_1,7,26,Pinus,15,Multipropósito,421.8353865856753
54,14,rodal_1,7,26,Pinus,16,Multipropósito,497.58452070052215
55,15,rodal_1,7,26,Pinus,17,Multipropósito,571.7676031918049
56,16,rodal_1,7,26,Pinus,18,Multipropósito,644.5064672704066
57,17,rodal_1,7,26,Pinus,19,Multipropósito,715.9072700800041
58,18,rodal_1,7,26,Pinus,20,Multipropósito,786.0632243946026
59,19,rodal_1,7,26,Pinus,21,Multipropósito,855.0567420500772
60,20,rodal_1,7,26,Pinus,22,Multipropósito,0.0
61,21,rodal_1,7,26,Pinus,23,Multipropósito,0.0
62,22,rodal_1,7,26,Pinus,24,Multipropósito,0.0
63,23,rodal_1,7,26,Pinus,25,Multipropósito,0.0
64,24,rodal_1,7,26,Pinus,26,Multipropósito,0.0
65,25,rodal_1,7,26,Pinus,27,Multipropósito,0.0
66,26,rodal_1,7,26,Pinus,28,Multipropósito,0.0
67,27,rodal_1,7,26,Pinus,29,Multipropósito,0.0
68,28,rodal_1,7,26,Pinus,30,Multipropósito,0.0
69,29,rodal_1,7,26,Pinus,31,Multipropósito,0.0
70,30,rodal_1,7,26,Pinus,32,Multipropósito,0.0
71,31,rodal_1,7,26,Pinus,33,Multipropósito,0.0
72,32,rodal_1,7,26,Pinus,34,Multipropósito,0.0
73,33,rodal_1,7,26,Pinus,35,Multipropósito,0.0
74,34,rodal_1,7,26,Pinus,36,Multipropósito,0.0
75,35,rodal_1,7,26,Pinus,37,Multipropósito,0.0
76,36,rodal_1,7,26,Pinus,38,Multipropósito,0.0
77,37,rodal_1,7,26,Pinus,39,Multipropósito,0.0
78,38,rodal_1,7,26,Pinus,40,Multipropósito,0.0
79,39,rodal_1,7,26,Pinus,41,Multipropósito,0.0
80,0,rodal_2,7,29,Pinus,13,Intensivo2,422.87292009446753
81,1,rodal_2,7,29,Pinus,14,Intensivo2,528.4319612856547
82,2,rodal_2,7,29,Pinus,15,Intensivo2,632.2990677208081
83,3,rodal_2,7,29,Pinus,16,Intensivo2,734.6116998852169
84,4,rodal_2,7,29,Pinus,17,Intensivo2,835.4882904708271
85,5,rodal_2,7,29,Pinus,18,Intensivo2,935.0318398639489
86,6,rodal_2,7,29,Pinus,19,Intensivo2,1033.3326704952033
87,7,rodal_2,7,29,Pinus,20,Intensivo2,1130.4705707224248
88,8,rodal_2,7,29,Pinus,21,Intensivo2,1226.5164872857226
89,9,rodal_2,7,29,Pinus,22,Intensivo2,1321.5338783409397
90,10,rodal_2,7,29,Pinus,23,Intensivo2,1415.5798074606307
91,11,rodal_2,7,29,Pinus,24,Intensivo2,1508.7058372863683
92,12,rodal_2,7,29,Pinus,25,Intensivo2,1600.9587663316424
93,13,rodal_2,7,29,Pinus,26,Intensivo2,1692.3812416292035
94,14,rodal_2,7,29,Pinus,27,Intensivo2,1783.0122721076855
95,15,rodal_2,7,29,Pinus,28,Intensivo2,1872.887661858511
96,16,rodal_2,7,29,Pinus,29,Intensivo2,1962.040378204133
97,17,rodal_2,7,29,Pinus,30,Intensivo2,2050.500866285298
98,18,rodal_2,7,29,Pinus,31,Intensivo2,2138.297319459128
99,19,rodal_2,7,29,Pinus,32,Intensivo2,2225.4559129381573
100,20,rodal_2,7,29,Pinus,33,Intensivo2,2312.001006658241
101,21,rodal_2,7,29,Pinus,34,Intensivo2,2397.9553222361847
102,22,rodal_2,7,29,Pinus,35,Intensivo2,2483.340097989879
103,23,rodal_2,7,29,Pinus,36,Intensivo2,2568.175225288617
104,24,rodal_2,7,29,Pinus,37,Intensivo2,2652.4793689374283
105,25,rodal_2,7,29,Pinus,38,Intensivo2,2736.270073845242
106,26,rodal_2,7,29,Pinus,39,Intensivo2,2819.5638598589426
107,27,rodal_2,7,29,Pinus,40,Intensivo2,2902.376306345497
108,28,rodal_2,7,29,Pinus,41,Intensivo2,2984.7221278586344
109,29,rodal_2,7,29,Pinus,42,Intensivo2,0.0
110,30,rodal_2,7,29,Pinus,43,Intensivo2,0.0
111,31,rodal_2,7,29,Pinus,44,Intensivo2,0.0
112,32,rodal_2,7,29,Pinus,45,Intensivo2,0.0
113,33,rodal_2,7,29,Pinus,46,Intensivo2,0.0
114,34,rodal_2,7,29,Pinus,47,Intensivo2,0.0
115,35,rodal_2,7,29,Pinus,48,Intensivo2,0.0
116,36,rodal_2,7,29,Pinus,49,Intensivo2,0.0
117,37,rodal_2,7,29,Pinus,50,Intensivo2,0.0
118,38,rodal_2,7,29,Pinus,51,Intensivo2,0.0
119,39,rodal_2,7,29,Pinus,52,Intensivo2,0.0
120,0,rodal_3,6,32,Pinus,8,Intensivo,0.0
121,1,rodal_3,6,32,Pinus,9,Intensivo,17.156523885803153
122,2,rodal_3,6,32,Pinus,10,Intensivo,119.90702851458514
123,3,rodal_3,6,32,Pinus,11,Intensivo,218.24540589000344
124,4,rodal_3,6,32,Pinus,12,Intensivo,312.7387183772105
125,5,rodal_3,6,32,Pinus,13,Intensivo,403.8405036323827
126,6,rodal_3,6,32,Pinus,14,Intensivo,491.9204142326155
127,7,rodal_3,6,32,Pinus,15,Intensivo,577.2845670451859
128,8,rodal_3,6,32,Pinus,16,Intensivo,660.1899369119699
129,9,rodal_3,6,32,Pinus,17,Intensivo,740.8547993217164
130,10,rodal_3,6,32,Pinus,18,Intensivo,819.4664741251902
131,11,rodal_3,6,32,Pinus,19,Intensivo,896.1871783084309
132,12,rodal_3,6,32,Pinus,20,Intensivo,971.1585242998419
133,13,rodal_3,6,32,Pinus,21,Intensivo,1044.5050289758267
134,14,rodal_3,6,32,Pinus,22,Intensivo,1116.3368874506466
135,15,rodal_3,6,32,Pinus,23,Intensivo,1186.752191943024
136,16,rodal_3,6,32,Pinus,24,Intensivo,1255.8387259161998
137,17,rodal_3,6,32,Pinus,25,Intensivo,1323.67542901203
138,18,rodal_3,6,32,Pinus,26,Intensivo,1390.3336038718346
139,19,rodal_3,6,32,Pinus,27,Intensivo,1455.8779184518114
140,20,rodal_3,6,32,Pinus,28,Intensivo,1520.3672447422139
141,21,rodal_3,6,32,Pinus,29,Intensivo,1583.8553654533855
142,22,rodal_3,6,32,Pinus,30,Intensivo,1646.3915732683229
143,23,rodal_3,6,32,Pinus,31,Intensivo,1708.0211820143493
144,24,rodal_3,6,32,Pinus,32,Intensivo,0.0
145,25,rodal_3,6,32,Pinus,33,Intensivo,0.0
146,26,rodal_3,6,32,Pinus,34,Intensivo,0.0
147,27,rodal_3,6,32,Pinus,35,Intensivo,0.0
148,28,rodal_3,6,32,Pinus,36,Intensivo,0.0
149,29,rodal_3,6,32,Pinus,37,Intensivo,0.0
150,30,rodal_3,6,32,Pinus,38,Intensivo,0.0
151,31,rodal_3,6,32,Pinus,39,Intensivo,0.0
152,32,rodal_3,6,32,Pinus,40,Intensivo,0.0
153,33,rodal_3,6,32,Pinus,41,Intensivo,0.0
154,34,rodal_3,6,32,Pinus,42,Intensivo,0.0
155,35,rodal_3,6,32,Pinus,43,Intensivo,0.0
156,36,rodal_3,6,32,Pinus,44,Intensivo,0.0
157,37,rodal_3,6,32,Pinus,45,Intensivo,0.0
158,38,rodal_3,6,32,Pinus,46,Intensivo,0.0
159,39,rodal_3,6,32,Pinus,47,Intensivo,0.0
160,0,rodal_4,6,26,Pinus,13,Multipropósito,630.9031797962999
161,1,rodal_4,6,26,Pinus,14,Multipropósito,773.5543663924532
162,2,rodal_4,6,26,Pinus,15,Multipropósito,935.675254272761
163,3,rodal_4,6,26,Pinus,16,Multipropósito,1118.3580844534517
164,4,rodal_4,6,26,Pinus,17,Multipropósito,1322.6799590903456
165,5,rodal_4,6,26,Pinus,18,Multipropósito,1549.7039811873494
166,6,rodal_4,6,26,Pinus,19,Multipropósito,1800.4802465636185
167,7,rodal_4,6,26,Pinus,20,Multipropósito,2076.0467143845394
168,8,rodal_4,6,26,Pinus,21,Multipropósito,1364.0599040320246
169,9,rodal_4,6,26,Pinus,22,Multipropósito,1478.5271879977804
170,10,rodal_4,6,26,Pinus,23,Multipropósito,1591.4486735195549
171,11,rodal_4,6,26,Pinus,24,Multipropósito,1702.9111551609255
172,12,rodal_4,6,26,Pinus,25,Multipropósito,1812.993157783142
173,13,rodal_4,6,26,Pinus,26,Multipropósito,1921.7660224510678
174,14,rodal_4,6,26,Pinus,27,Multipropósito,2029.2948136004527
175,15,rodal_4,6,26,Pinus,28,Multipropósito,2135.6390823996257
176,16,rodal_4,6,26,Pinus,29,Multipropósito,2240.8535134101717
177,17,rodal_4,6,26,Pinus,30,Multipropósito,2344.98847578598
178,18,rodal_4,6,26,Pinus,31,Multipropósito,2448.090495806928
179,19,rodal_4,6,26,Pinus,32,Multipropósito,2550.202664142891
180,20,rodal_4,6,26,Pinus,33,Multipropósito,2651.3649886162443
181,21,rodal_4,6,26,Pinus,34,Multipropósito,2751.6147011827384
182,22,rodal_4,6,26,Pinus,35,Multipropósito,2850.98652624063
183,23,rodal_4,6,26,Pinus,36,Multipropósito,2949.5129161026507
184,24,rodal_4,6,26,Pinus,37,Multipropósito,3047.2242584478267
185,25,rodal_4,6,26,Pinus,38,Multipropósito,0.0
186,26,rodal_4,6,26,Pinus,39,Multipropósito,0.0
187,27,rodal_4,6,26,Pinus,40,Multipropósito,0.0
188,28,rodal_4,6,26,Pinus,41,Multipropósito,0.0
189,29,rodal_4,6,26,Pinus,42,Multipropósito,0.0
190,30,rodal_4,6,26,Pinus,43,Multipropósito,0.0
191,31,rodal_4,6,26,Pinus,44,Multipropósito,0.0
192,32,rodal_4,6,26,Pinus,45,Multipropósito,0.0
193,33,rodal_4,6,26,Pinus,46,Multipropósito,0.0
194,34,rodal_4,6,26,Pinus,47,Multipropósito,0.0
195,35,rodal_4,6,26,Pinus,48,Multipropósito,0.0
196,36,rodal_4,6,26,Pinus,49,Multipropósito,0.0
197,37,rodal_4,6,26,Pinus,50,Multipropósito,0.0
198,38,rodal_4,6,26,Pinus,51,Multipropósito,0.0
199,39,rodal_4,6,26,Pinus,52,Multipropósito,0.0
200,0,rodal_5,6,29,Pinus,6,Intensivo2,0.0
201,1,rodal_5,6,29,Pinus,7,Intensivo2,0.0
202,2,rodal_5,6,29,Pinus,8,Intensivo2,0.0
203,3,rodal_5,6,29,Pinus,9,Intensivo2,21.445654857253942
204,4,rodal_5,6,29,Pinus,10,Intensivo2,149.88378564323142
205,5,rodal_5,6,29,Pinus,11,Intensivo2,272.8067573625043
206,6,rodal_5,6,29,Pinus,12,Intensivo2,390.9233979715131
207,7,rodal_5,6,29,Pinus,13,Intensivo2,504.8006295404784
208,8,rodal_5,6,29,Pinus,14,Intensivo2,614.9005177907693
209,9,rodal_5,6,29,Pinus,15,Intensivo2,721.6057088064824
210,10,rodal_5,6,29,Pinus,16,Intensivo2,825.2374211399624
211,11,rodal_5,6,29,Pinus,17,Intensivo2,926.0684991521455
212,12,rodal_5,6,29,Pinus,18,Intensivo2,1024.3330926564877
213,13,rodal_5,6,29,Pinus,19,Intensivo2,1120.2339728855386
214,14,rodal_5,6,29,Pinus,20,Intensivo2,1213.9481553748024
215,15,rodal_5,6,29,Pinus,21,Intensivo2,1305.6312862197833
216,16,rodal_5,6,29,Pinus,22,Intensivo2,1395.4211093133083
217,17,rodal_5,6,29,Pinus,23,Intensivo2,1483.4402399287799
218,18,rodal_5,6,29,Pinus,24,Intensivo2,1569.7984073952498
219,19,rodal_5,6,29,Pinus,25,Intensivo2,0.0
220,20,rodal_5,6,29,Pinus,26,Intensivo2,0.0
221,21,rodal_5,6,29,Pinus,27,Intensivo2,0.0
222,22,rodal_5,6,29,Pinus,28,Intensivo2,0.0
223,23,rodal_5,6,29,Pinus,29,Intensivo2,0.0
224,24,rodal_5,6,29,Pinus,30,Intensivo2,0.0
225,25,rodal_5,6,29,Pinus,31,Intensivo2,0.0
226,26,rodal_5,6,29,Pinus,32,Intensivo2,0.0
227,27,rodal_5,6,29,Pinus,33,Intensivo2,0.0
228,28,rodal_5,6,29,Pinus,34,Intensivo2,0.0
229,29,rodal_5,6,29,Pinus,35,Intensivo2,0.0
230,30,rodal_5,6,29,Pinus,36,Intensivo2,0.0
231,31,rodal_5,6,29,Pinus,37,Intensivo2,0.0
232,32,rodal_5,6,29,Pinus,38,Intensivo2,0.0
233,33,rodal_5,6,29,Pinus,39,Intensivo2,0.0
234,34,rodal_5,6,29,Pinus,40,Intensivo2,0.0
235,35,rodal_5,6,29,Pinus,41,Intensivo2,0.0
236,36,rodal_5,6,29,Pinus,42,Intensivo2,0.0
237,37,rodal_5,6,29,Pinus,43,Intensivo2,0.0
238,38,rodal_5,6,29,Pinus,44,Intensivo2,0.0
239,39,rodal_5,6,29,Pinus,45,Intensivo2,0.0
240,0,rodal_6,6,23,Pinus,12,Pulpable,545.5027756876477
241,1,rodal_6,6,23,Pinus,13,Pulpable,665.77995700642
242,2,rodal_6,6,23,Pinus,14,Pulpable,787.6323826278099
243,3,rodal_6,6,23,Pinus,15,Pulpable,910.9658162726575
244,4,rodal_6,6,23,Pinus,16,Pulpable,1035.6976184979712
245,5,rodal_6,6,23,Pinus,17,Pulpable,1161.7546776329084
246,6,rodal_6,6,23,Pinus,18,Pulpable,1289.071810948434
247,7,rodal_6,6,23,Pinus,19,Pulpable,1417.5905087704004
248,8,rodal_6,6,23,Pinus,20,Pulpable,1547.2579336483955
249,9,rodal_6,6,23,Pinus,21,Pulpable,1678.0261125206268
250,10,rodal_6,6,23,Pinus,22,Pulpable,1809.8512771743244
251,11,rodal_6,6,23,Pinus,23,Pulpable,1942.6933202302462
252,12,rodal_6,6,23,Pinus,24,Pulpable,2076.5153422415706
253,13,rodal_6,6,23,Pinus,25,Pulpable,2211.2832714637366
254,14,rodal_6,6,23,Pinus,26,Pulpable,2346.9655421779607
255,15,rodal_6,6,23,Pinus,27,Pulpable,2483.5328206342206
256,16,rodal_6,6,23,Pinus,28,Pulpable,0.0
257,17,rodal_6,6,23,Pinus,29,Pulpable,0.0
258,18,rodal_6,6,23,Pinus,30,Pulpable,0.0
259,19,rodal_6,6,23,Pinus,31,Pulpable,0.0
260,20,rodal_6,6,23,Pinus,32,Pulpable,0.0
261,21,rodal_6,6,23,Pinus,33,Pulpable,0.0
262,22,rodal_6,6,23,Pinus,34,Pulpable,0.0
263,23,rodal_6,6,23,Pinus,35,Pulpable,0.0
264,24,rodal_6,6,23,Pinus,36,Pulpable,0.0
265,25,rodal_6,6,23,Pinus,37,Pulpable,0.0
266,26,rodal_6,6,23,Pinus,38,Pulpable,0.0
267,27,rodal_6,6,23,Pinus,39,Pulpable,0.0
268,28,rodal_6,6,23,Pinus,40,Pulpable,0.0
269,29,rodal_6,6,23,Pinus,41,Pulpable,0.0
270,30,rodal_6,6,23,Pinus,42,Pulpable,0.0
271,31,rodal_6,6,23,Pinus,43,Pulpable,0.0
272,32,rodal_6,6,23,Pinus,44,Pulpable,0.0
273,33,rodal_6,6,23,Pinus,45,Pulpable,0.0
274,34,rodal_6,6,23,Pinus,46,Pulpable,0.0
275,35,rodal_6,6,23,Pinus,47,Pulpable,0.0
276,36,rodal_6,6,23,Pinus,48,Pulpable,0.0
277,37,rodal_6,6,23,Pinus,49,Pulpable,0.0
278,38,rodal_6,6,23,Pinus,50,Pulpable,0.0
279,39,rodal_6,6,23,Pinus,51,Pulpable,0.0
280,0,rodal_7,6,32,Pinus,4,Intensivo,52.203372668594106
281,1,rodal_7,6,32,Pinus,5,Intensivo,77.19888123507324
282,2,rodal_7,6,32,Pinus,6,Intensivo,109.33307626586142
283,3,rodal_7,6,32,Pinus,7,Intensivo,148.9444150046411
284,4,rodal_7,6,32,Pinus,8,Intensivo,196.33117781438568
285,5,rodal_7,6,32,Pinus,9,Intensivo,251.7611423828156
286,6,rodal_7,6,32,Pinus,10,Intensivo,315.47802581954363
287,7,rodal_7,6,32,Pinus,11,Intensivo,387.70601206580733
288,8,rodal_7,6,32,Pinus,12,Intensivo,312.7387183772105
289,9,rodal_7,6,32,Pinus,13,Intensivo,403.8405036323827
290,10,rodal_7,6,32,Pinus,14,Intensivo,491.9204142326155
291,11,rodal_7,6,32,Pinus,15,Intensivo,577.2845670451859
292,12,rodal_7,6,32,Pinus,16,Intensivo,660.1899369119699
293,13,rodal_7,6,32,Pinus,17,Intensivo,740.8547993217164
294,14,rodal_7,6,32,Pinus,18,Intensivo,819.4664741251902
295,15,rodal_7,6,32,Pinus,19,Intensivo,0.0
296,16,rodal_7,6,32,Pinus,20,Intensivo,0.0
297,17,rodal_7,6,32,Pinus,21,Intensivo,0.0
298,18,rodal_7,6,32,Pinus,22,Intensivo,0.0
299,19,rodal_7,6,32,Pinus,23,Intensivo,0.0
300,20,rodal_7,6,32,Pinus,24,Intensivo,0.0
301,21,rodal_7,6,32,Pinus,25,Intensivo,0.0
302,22,rodal_7,6,32,Pinus,26,Intensivo,0.0
303,23,rodal_7,6,32,Pinus,27,Intensivo,0.0
304,24,rodal_7,6,32,Pinus,28,Intensivo,0.0
305,25,rodal_7,6,32,Pinus,29,Intensivo,0.0
306,26,rodal_7,6,32,Pinus,30,Intensivo,0.0
307,27,rodal_7,6,32,Pinus,31,Intensivo,0.0
308,28,rodal_7,6,32,Pinus,32,Intensivo,0.0
309,29,rodal_7,6,32,Pinus,33,Intensivo,0.0
310,30,rodal_7,6,32,Pinus,34,Intensivo,0.0
311,31,rodal_7,6,32,Pinus,35,Intensivo,0.0
312,32,rodal_7,6,32,Pinus,36,Intensivo,0.0
313,33,rodal_7,6,32,Pinus,37,Intensivo,0.0
314,34,rodal_7,6,32,Pinus,38,Intensivo,0.0
315,35,rodal_7,6,32,Pinus,39,Intensivo,0.0
316,36,rodal_7,6,32,Pinus,40,Intensivo,0.0
317,37,rodal_7,6,32,Pinus,41,Intensivo,0.0
318,38,rodal_7,6,32,Pinus,42,Intensivo,0.0
319,39,rodal_7,6,32,Pinus,43,Intensivo,0.0
320,0,rodal_8,7,23,Pinus,6,Pulpable,0.0
321,1,rodal_8,7,23,Pinus,7,Pulpable,11.565926218824828
322,2,rodal_8,7,23,Pinus,8,Pulpable,50.1279624704151
323,3,rodal_8,7,23,Pinus,9,Pulpable,87.94323918653001
324,4,rodal_8,7,23,Pinus,10,Pulpable,125.1072626945153
325,5,rodal_8,7,23,Pinus,11,Pulpable,161.69499625379578
326,6,rodal_8,7,23,Pinus,12,Pulpable,197.76674895029117
327,7,rodal_8,7,23,Pinus,13,Pulpable,233.37202452988822
328,8,rodal_8,7,23,Pinus,14,Pulpable,268.5521402171853
329,9,rodal_8,7,23,Pinus,15,Pulpable,303.34206872197444
330,10,rodal_8,7,23,Pinus,16,Pulpable,337.77177043718046
331,11,rodal_8,7,23,Pinus,17,Pulpable,371.86718004578245
332,12,rodal_8,7,23,Pinus,18,Pulpable,405.65095228013405
333,13,rodal_8,7,23,Pinus,19,Pulpable,439.14303576135615
334,14,rodal_8,7,23,Pinus,20,Pulpable,472.3611215234364
335,15,rodal_8,7,23,Pinus,21,Pulpable,505.32099849062126
336,16,rodal_8,7,23,Pinus,22,Pulpable,538.0368387246166
337,17,rodal_8,7,23,Pinus,23,Pulpable,570.5214288792805
338,18,rodal_8,7,23,Pinus,24,Pulpable,0.0
339,19,rodal_8,7,23,Pinus,25,Pulpable,0.0
340,20,rodal_8,7,23,Pinus,26,Pulpable,0.0
341,21,rodal_8,7,23,Pinus,27,Pulpable,0.0
342,22,rodal_8,7,23,Pinus,28,Pulpable,0.0
343,23,rodal_8,7,23,Pinus,29,Pulpable,0.0
344,24,rodal_8,7,23,Pinus,30,Pulpable,0.0
345,25,rodal_8,7,23,Pinus,31,Pulpable,0.0
346,26,rodal_8,7,23,Pinus,32,Pulpable,0.0
347,27,rodal_8,7,23,Pinus,33,Pulpable,0.0
348,28,rodal_8,7,23,Pinus,34,Pulpable,0.0
349,29,rodal_8,7,23,Pinus,35,Pulpable,0.0
350,30,rodal_8,7,23,Pinus,36,Pulpable,0.0
351,31,rodal_8,7,23,Pinus,37,Pulpable,0.0
352,32,rodal_8,7,23,Pinus,38,Pulpable,0.0
353,33,rodal_8,7,23,Pinus,39,Pulpable,0.0
354,34,rodal_8,7,23,Pinus,40,Pulpable,0.0
355,35,rodal_8,7,23,Pinus,41,Pulpable,0.0
356,36,rodal_8,7,23,Pinus,42,Pulpable,0.0
357,37,rodal_8,7,23,Pinus,43,Pulpable,0.0
358,38,rodal_8,7,23,Pinus,44,Pulpable,0.0
359,39,rodal_8,7,23,Pinus,45,Pulpable,0.0
360,0,rodal_9,6,29,Pinus,8,Intensivo2,49.08279445359642
361,1,rodal_9,6,29,Pinus,9,Intensivo2,62.9402855957039
362,2,rodal_9,6,29,Pinus,10,Intensivo2,78.86950645488591
363,3,rodal_9,6,29,Pinus,11,Intensivo2,96.92650301645183
364,4,rodal_9,6,29,Pinus,12,Intensivo2,117.16326672104009
365,5,rodal_9,6,29,Pinus,13,Intensivo2,139.6283612075724
366,6,rodal_9,6,29,Pinus,14,Intensivo2,164.3674088515937
367,7,rodal_9,6,29,Pinus,15,Intensivo2,191.42347672026125
368,8,rodal_9,6,29,Pinus,16,Intensivo2,220.8373883574398
369,9,rodal_9,6,29,Pinus,17,Intensivo2,252.64797959093707
370,10,rodal_9,6,29,Pinus,18,Intensivo2,286.89231124289455
371,11,rodal_9,6,29,Pinus,19,Intensivo2,323.6058480833197
372,12,rodal_9,6,29,Pinus,20,Intensivo2,242.78963107496048
373,13,rodal_9,6,29,Pinus,21,Intensivo2,261.1262572439567
374,14,rodal_9,6,29,Pinus,22,Intensivo2,279.08422186266165
375,15,rodal_9,6,29,Pinus,23,Intensivo2,296.688047985756
376,16,rodal_9,6,29,Pinus,24,Intensivo2,313.95968147904995
377,17,rodal_9,6,29,Pinus,25,Intensivo2,330.9188572530075
378,18,rodal_9,6,29,Pinus,26,Intensivo2,347.58340096795865
379,19,rodal_9,6,29,Pinus,27,Intensivo2,363.96947961295285
380,20,rodal_9,6,29,Pinus,28,Intensivo2,0.0
381,21,rodal_9,6,29,Pinus,29,Intensivo2,0.0
382,22,rodal_9,6,29,Pinus,30,Intensivo2,0.0
383,23,rodal_9,6,29,Pinus,31,Intensivo2,0.0
384,24,rodal_9,6,29,Pinus,32,Intensivo2,0.0
385,25,rodal_9,6,29,Pinus,33,Intensivo2,0.0
386,26,rodal_9,6,29,Pinus,34,Intensivo2,0.0
387,27,rodal_9,6,29,Pinus,35,Intensivo2,0.0
388,28,rodal_9,6,29,Pinus,36,Intensivo2,0.0
389,29,rodal_9,6,29,Pinus,37,Intensivo2,0.0
390,30,rodal_9,6,29,Pinus,38,Intensivo2,0.0
391,31,rodal_9,6,29,Pinus,39,Intensivo2,0.0
392,32,rodal_9,6,29,Pinus,40,Intensivo2,0.0
393,33,rodal_9,6,29,Pinus,41,Intensivo2,0.0
394,34,rodal_9,6,29,Pinus,42,Intensivo2,0.0
395,35,rodal_9,6,29,Pinus,43,Intensivo2,0.0
396,36,rodal_9,6,29,Pinus,44,Intensivo2,0.0
397,37,rodal_9,6,29,Pinus,45,Intensivo2,0.0
398,38,rodal_9,6,29,Pinus,46,Intensivo2,0.0
399,39,rodal_9,6,29,Pinus,47,Intensivo2,0.0
400,0,rodal_10,6,26,Pinus,11,Multipropósito,120.56135157701192
401,1,rodal_10,6,26,Pinus,12,Multipropósito,278.3085816922935
402,2,rodal_10,6,26,Pinus,13,Multipropósito,432.1687239687062
403,3,rodal_10,6,26,Pinus,14,Multipropósito,582.5265379859366
404,4,rodal_10,6,26,Pinus,15,Multipropósito,729.704107535727
405,5,rodal_10,6,26,Pinus,16,Multipropósito,873.9745302532356
406,6,rodal_10,6,26,Pinus,17,Multipropósito,1015.5719507668473
407,7,rodal_10,6,26,Pinus,18,Multipropósito,1154.6990713140872
408,8,rodal_10,6,26,Pinus,19,Multipropósito,1291.532878690335
409,9,rodal_10,6,26,Pinus,20,Multipropósito,1426.229082517977
410,10,rodal_10,6,26,Pinus,21,Multipropósito,1558.9256046080282
411,11,rodal_10,6,26,Pinus,22,Multipropósito,1689.745357711749
412,12,rodal_10,6,26,Pinus,23,Multipropósito,1818.7984840223485
413,13,rodal_10,6,26,Pinus,24,Multipropósito,1946.184177326772
414,14,rodal_10,6,26,Pinus,25,Multipropósito,2071.9921803235907
415,15,rodal_10,6,26,Pinus,26,Multipropósito,2196.304025658363
416,16,rodal_10,6,26,Pinus,27,Multipropósito,2319.1940726862317
417,17,rodal_10,6,26,Pinus,28,Multipropósito,2440.7303798852868
418,18,rodal_10,6,26,Pinus,29,Multipropósito,2560.975443897339
419,19,rodal_10,6,26,Pinus,30,Multipropósito,2679.986829469691
420,20,rodal_10,6,26,Pinus,31,Multipropósito,2797.8177094936323
421,21,rodal_10,6,26,Pinus,32,Multipropósito,2914.5173304490186
422,22,rodal_10,6,26,Pinus,33,Multipropósito,3030.1314155614223
423,23,rodal_10,6,26,Pinus,34,Multipropósito,3144.702515637415
424,24,rodal_10,6,26,Pinus,35,Multipropósito,0.0
425,25,rodal_10,6,26,Pinus,36,Multipropósito,0.0
426,26,rodal_10,6,26,Pinus,37,Multipropósito,0.0
427,27,rodal_10,6,26,Pinus,38,Multipropósito,0.0
428,28,rodal_10,6,26,Pinus,39,Multipropósito,0.0
429,29,rodal_10,6,26,Pinus,40,Multipropósito,0.0
430,30,rodal_10,6,26,Pinus,41,Multipropósito,0.0
431,31,rodal_10,6,26,Pinus,42,Multipropósito,0.0
432,32,rodal_10,6,26,Pinus,43,Multipropósito,0.0
433,33,rodal_10,6,26,Pinus,44,Multipropósito,0.0
434,34,rodal_10,6,26,Pinus,45,Multipropósito,0.0
435,35,rodal_10,6,26,Pinus,46,Multipropósito,0.0
436,36,rodal_10,6,26,Pinus,47,Multipropósito,0.0
437,37,rodal_10,6,26,Pinus,48,Multipropósito,0.0
438,38,rodal_10,6,26,Pinus,49,Multipropósito,0.0
439,39,rodal_10,6,26,Pinus,50,Multipropósito,0.0
440,0,rodal_11,7,32,Pinus,8,Intensivo,310.5480347082938
441,1,rodal_11,7,32,Pinus,9,Intensivo,387.51888460275467
442,2,rodal_11,7,32,Pinus,10,Intensivo,473.9667096997951
443,3,rodal_11,7,32,Pinus,11,Intensivo,569.9356245766016
444,4,rodal_11,7,32,Pinus,12,Intensivo,675.4656995448526
445,5,rodal_11,7,32,Pinus,13,Intensivo,790.5936542142151
446,6,rodal_11,7,32,Pinus,14,Intensivo,915.3533855219806
447,7,rodal_11,7,32,Pinus,15,Intensivo,1049.7763792216888
448,8,rodal_11,7,32,Pinus,16,Intensivo,1193.892036901565
449,9,rodal_11,7,32,Pinus,17,Intensivo,1347.7279402551371
450,10,rodal_11,7,32,Pinus,18,Intensivo,1511.3100677491586
451,11,rodal_11,7,32,Pinus,19,Intensivo,1322.3996277431042
452,12,rodal_11,7,32,Pinus,20,Intensivo,1446.6491487199205
453,13,rodal_11,7,32,Pinus,21,Intensivo,1570.5015361130106
454,14,rodal_11,7,32,Pinus,22,Intensivo,1693.9768962920168
455,15,rodal_11,7,32,Pinus,23,Intensivo,1817.0934500040566
456,16,rodal_11,7,32,Pinus,24,Intensivo,1939.867783556167
457,17,rodal_11,7,32,Pinus,25,Intensivo,2062.315057454767
458,18,rodal_11,7,32,Pinus,26,Intensivo,2184.4491811237012
459,19,rodal_11,7,32,Pinus,27,Intensivo,2306.282960310211
460,20,rodal_11,7,32,Pinus,28,Intensivo,2427.8282223029255
461,21,rodal_11,7,32,Pinus,29,Intensivo,2549.095922975662
462,22,rodal_11,7,32,Pinus,30,Intensivo,2670.096238831171
463,23,rodal_11,7,32,Pinus,31,Intensivo,0.0
464,24,rodal_11,7,32,Pinus,32,Intensivo,0.0
465,25,rodal_11,7,32,Pinus,33,Intensivo,0.0
466,26,rodal_11,7,32,Pinus,34,Intensivo,0.0
467,27,rodal_11,7,32,Pinus,35,Intensivo,0.0
468,28,rodal_11,7,32,Pinus,36,Intensivo,0.0
469,29,rodal_11,7,32,Pinus,37,Intensivo,0.0
470,30,rodal_11,7,32,Pinus,38,Intensivo,0.0
471,31,rodal_11,7,32,Pinus,39,Intensivo,0.0
472,32,rodal_11,7,32,Pinus,40,Intensivo,0.0
473,33,rodal_11,7,32,Pinus,41,Intensivo,0.0
474,34,rodal_11,7,32,Pinus,42,Intensivo,0.0
475,35,rodal_11,7,32,Pinus,43,Intensivo,0.0
476,36,rodal_11,7,32,Pinus,44,Intensivo,0.0
477,37,rodal_11,7,32,Pinus,45,Intensivo,0.0
478,38,rodal_11,7,32,Pinus,46,Intensivo,0.0
479,39,rodal_11,7,32,Pinus,47,Intensivo,0.0
480,0,rodal_12,6,32,Pinus,8,Intensivo,245.4139722679821
481,1,rodal_12,6,32,Pinus,9,Intensivo,314.7014279785195
482,2,rodal_12,6,32,Pinus,10,Intensivo,394.34753227442957
483,3,rodal_12,6,32,Pinus,11,Intensivo,484.63251508225915
484,4,rodal_12,6,32,Pinus,12,Intensivo,585.8163336052005
485,5,rodal_12,6,32,Pinus,13,Intensivo,698.141806037862
486,6,rodal_12,6,32,Pinus,14,Intensivo,821.8370442579685
487,7,rodal_12,6,32,Pinus,15,Intensivo,721.6057088064824
488,8,rodal_12,6,32,Pinus,16,Intensivo,825.2374211399624
489,9,rodal_12,6,32,Pinus,17,Intensivo,926.0684991521455
490,10,rodal_12,6,32,Pinus,18,Intensivo,1024.3330926564877
491,11,rodal_12,6,32,Pinus,19,Intensivo,1120.2339728855386
492,12,rodal_12,6,32,Pinus,20,Intensivo,1213.9481553748024
493,13,rodal_12,6,32,Pinus,21,Intensivo,1305.6312862197833
494,14,rodal_12,6,32,Pinus,22,Intensivo,1395.4211093133083
495,15,rodal_12,6,32,Pinus,23,Intensivo,1483.4402399287799
496,16,rodal_12,6,32,Pinus,24,Intensivo,0.0
497,17,rodal_12,6,32,Pinus,25,Intensivo,0.0
498,18,rodal_12,6,32,Pinus,26,Intensivo,0.0
499,19,rodal_12,6,32,Pinus,27,Intensivo,0.0
500,20,rodal_12,6,32,Pinus,28,Intensivo,0.0
501,21,rodal_12,6,32,Pinus,29,Intensivo,0.0
502,22,rodal_12,6,32,Pinus,30,Intensivo,0.0
503,23,rodal_12,6,32,Pinus,31,Intensivo,0.0
504,24,rodal_12,6,32,Pinus,32,Intensivo,0.0
505,25,rodal_12,6,32,Pinus,33,Intensivo,0.0
506,26,rodal_12,6,32,Pinus,34,Intensivo,0.0
507,27,rodal_12,6,32,Pinus,35,Intensivo,0.0
508,28,rodal_12,6,32,Pinus,36,Intensivo,0.0
509,29,rodal_12,6,32,Pinus,37,Intensivo,0.0
510,30,rodal_12,6,32,Pinus,38,Intensivo,0.0
511,31,rodal_12,6,32,Pinus,39,Intensivo,0.0
512,32,rodal_12,6,32,Pinus,40,Intensivo,0.0
513,33,rodal_12,6,32,Pinus,41,Intensivo,0.0
514,34,rodal_12,6,32,Pinus,42,Intensivo,0.0
515,35,rodal_12,6,32,Pinus,43,Intensivo,0.0
516,36,rodal_12,6,32,Pinus,44,Intensivo,0.0
517,37,rodal_12,6,32,Pinus,45,Intensivo,0.0
518,38,rodal_12,6,32,Pinus,46,Intensivo,0.0
519,39,rodal_12,6,32,Pinus,47,Intensivo,0.0
520,0,rodal_13,6,26,Pinus,3,Multipropósito,0.0
521,1,rodal_13,6,26,Pinus,4,Multipropósito,0.0
522,2,rodal_13,6,26,Pinus,5,Multipropósito,0.0
523,3,rodal_13,6,26,Pinus,6,Multipropósito,0.0
524,4,rodal_13,6,26,Pinus,7,Multipropósito,0.0
525,5,rodal_13,6,26,Pinus,8,Multipropósito,0.0
526,6,rodal_13,6,26,Pinus,9,Multipropósito,0.0
527,7,rodal_13,6,26,Pinus,10,Multipropósito,0.0
528,8,rodal_13,6,26,Pinus,11,Multipropósito,75.35084473563245
529,9,rodal_13,6,26,Pinus,12,Multipropósito,173.94286355768344
530,10,rodal_13,6,26,Pinus,13,Multipropósito,270.1054524804414
531,11,rodal_13,6,26,Pinus,14,Multipropósito,364.07908624121035
532,12,rodal_13,6,26,Pinus,15,Multipropósito,456.06506720982935
533,13,rodal_13,6,26,Pinus,16,Multipropósito,546.2340814082722
534,14,rodal_13,6,26,Pinus,17,Multipropósito,634.7324692292796
535,15,rodal_13,6,26,Pinus,18,Multipropósito,721.6869195713045
536,16,rodal_13,6,26,Pinus,19,Multipropósito,807.2080491814595
537,17,rodal_13,6,26,Pinus,20,Multipropósito,891.3931765737357
538,18,rodal_13,6,26,Pinus,21,Multipropósito,0.0
539,19,rodal_13,6,26,Pinus,22,Multipropósito,0.0
540,20,rodal_13,6,26,Pinus,23,Multipropósito,0.0
541,21,rodal_13,6,26,Pinus,24,Multipropósito,0.0
542,22,rodal_13,6,26,Pinus,25,Multipropósito,0.0
543,23,rodal_13,6,26,Pinus,26,Multipropósito,0.0
544,24,rodal_13,6,26,Pinus,27,Multipropósito,0.0
545,25,rodal_13,6,26,Pinus,28,Multipropósito,0.0
546,26,rodal_13,6,26,Pinus,29,Multipropósito,0.0
547,27,rodal_13,6,26,Pinus,30,Multipropósito,0.0
548,28,rodal_13,6,26,Pinus,31,Multipropósito,0.0
549,29,rodal_13,6,26,Pinus,32,Multipropósito,0.0
550,30,rodal_13,6,26,Pinus,33,Multipropósito,0.0
551,31,rodal_13,6,26,Pinus,34,Multipropósito,0.0
552,32,rodal_13,6,26,Pinus,35,Multipropósito,0.0
553,33,rodal_13,6,26,Pinus,36,Multipropósito,0.0
554,34,rodal_13,6,26,Pinus,37,Multipropósito,0.0
555,35,rodal_13,6,26,Pinus,38,Multipropósito,0.0
556,36,rodal_13,6,26,Pinus,39,Multipropósito,0.0
557,37,rodal_13,6,26,Pinus,40,Multipropósito,0.0
558,38,rodal_13,6,26,Pinus,41,Multipropósito,0.0
559,39,rodal_13,6,26,Pinus,42,Multipropósito,0.0
560,0,rodal_14,6,23,Pinus,2,Pulpable,0.0
561,1,rodal_14,6,23,Pinus,3,Pulpable,0.0
562,2,rodal_14,6,23,Pinus,4,Pulpable,0.0
563,3,rodal_14,6,23,Pinus,5,Pulpable,0.0
564,4,rodal_14,6,23,Pinus,6,Pulpable,0.0
565,5,rodal_14,6,23,Pinus,7,Pulpable,0.0
566,6,rodal_14,6,23,Pinus,8,Pulpable,11.802919025564833
567,7,rodal_14,6,23,Pinus,9,Pulpable,27.90048718309812
568,8,rodal_14,6,23,Pinus,10,Pulpable,44.30377067182384
569,9,rodal_14,6,23,Pinus,11,Pulpable,60.98705717484701
570,10,rodal_14,6,23,Pinus,12,Pulpable,77.92896795537824
571,11,rodal_14,6,23,Pinus,13,Pulpable,95.11142242948857
572,12,rodal_14,6,23,Pinus,14,Pulpable,112.51891180397284
573,13,rodal_14,6,23,Pinus,15,Pulpable,130.1379737532368
574,14,rodal_14,6,23,Pinus,16,Pulpable,147.9568026425673
575,15,rodal_14,6,23,Pinus,17,Pulpable,165.96495394755834
576,16,rodal_14,6,23,Pinus,18,Pulpable,184.15311584977627
577,17,rodal_14,6,23,Pinus,19,Pulpable,202.5129298243429
578,18,rodal_14,6,23,Pinus,20,Pulpable,221.0368476640565
579,19,rodal_14,6,23,Pinus,21,Pulpable,239.71801607437527
580,20,rodal_14,6,23,Pinus,22,Pulpable,258.5501824534749
581,21,rodal_14,6,23,Pinus,23,Pulpable,277.52761717574947
582,22,rodal_14,6,23,Pinus,24,Pulpable,296.64504889165295
583,23,rodal_14,6,23,Pinus,25,Pulpable,315.8976102091052
584,24,rodal_14,6,23,Pinus,26,Pulpable,0.0
585,25,rodal_14,6,23,Pinus,27,Pulpable,0.0
586,26,rodal_14,6,23,Pinus,28,Pulpable,0.0
587,27,rodal_14,6,23,Pinus,29,Pulpable,0.0
588,28,rodal_14,6,23,Pinus,30,Pulpable,0.0
589,29,rodal_14,6,23,Pinus,31,Pulpable,0.0
590,30,rodal_14,6,23,Pinus,32,Pulpable,0.0
591,31,rodal_14,6,23,Pinus,33,Pulpable,0.0
592,32,rodal_14,6,23,Pinus,34,Pulpable,0.0
593,33,rodal_14,6,23,Pinus,35,Pulpable,0.0
594,34,rodal_14,6,23,Pinus,36,Pulpable,0.0
595,35,rodal_14,6,23,Pinus,37,Pulpable,0.0
596,36,rodal_14,6,23,Pinus,38,Pulpable,0.0
597,37,rodal_14,6,23,Pinus,39,Pulpable,0.0
598,38,rodal_14,6,23,Pinus,40,Pulpable,0.0
599,39,rodal_14,6,23,Pinus,41,Pulpable,0.0
600,0,rodal_15,6,29,Pinus,4,Intensivo2,39.15252950144558
601,1,rodal_15,6,29,Pinus,5,Intensivo2,57.89916092630493
602,2,rodal_15,6,29,Pinus,6,Intensivo2,81.99980719939606
603,3,rodal_15,6,29,Pinus,7,Intensivo2,111.70831125348082
604,4,rodal_15,6,29,Pinus,8,Intensivo2,147.24838336078926
605,5,rodal_15,6,29,Pinus,9,Intensivo2,188.8208567871117
606,6,rodal_15,6,29,Pinus,10,Intensivo2,236.60851936465772
607,7,rodal_15,6,29,Pinus,11,Intensivo2,163.68405441750258
608,8,rodal_15,6,29,Pinus,12,Intensivo2,234.55403878290787
609,9,rodal_15,6,29,Pinus,13,Intensivo2,302.88037772428703
610,10,rodal_15,6,29,Pinus,14,Intensivo2,368.9403106744616
611,11,rodal_15,6,29,Pinus,15,Intensivo2,432.9634252838894
612,12,rodal_15,6,29,Pinus,16,Intensivo2,495.1424526839774
613,13,rodal_15,6,29,Pinus,17,Intensivo2,555.6410994912874
614,14,rodal_15,6,29,Pinus,18,Intensivo2,614.5998555938927
615,15,rodal_15,6,29,Pinus,19,Intensivo2,672.1403837313233
616,16,rodal_15,6,29,Pinus,20,Intensivo2,728.3688932248815
617,17,rodal_15,6,29,Pinus,21,Intensivo2,783.3787717318701
618,18,rodal_15,6,29,Pinus,22,Intensivo2,837.2526655879849
619,19,rodal_15,6,29,Pinus,23,Intensivo2,890.064143957268
620,20,rodal_15,6,29,Pinus,24,Intensivo2,941.8790444371498
621,21,rodal_15,6,29,Pinus,25,Intensivo2,992.7565717590226
622,22,rodal_15,6,29,Pinus,26,Intensivo2,1042.750202903876
623,23,rodal_15,6,29,Pinus,27,Intensivo2,1091.9084388388585
624,24,rodal_15,6,29,Pinus,28,Intensivo2,1140.2754335566603
625,25,rodal_15,6,29,Pinus,29,Intensivo2,0.0
626,26,rodal_15,6,29,Pinus,30,Intensivo2,0.0
627,27,rodal_15,6,29,Pinus,31,Intensivo2,0.0
628,28,rodal_15,6,29,Pinus,32,Intensivo2,0.0
629,29,rodal_15,6,29,Pinus,33,Intensivo2,0.0
630,30,rodal_15,6,29,Pinus,34,Intensivo2,0.0
631,31,rodal_15,6,29,Pinus,35,Intensivo2,0.0
632,32,rodal_15,6,29,Pinus,36,Intensivo2,0.0
633,33,rodal_15,6,29,Pinus,37,Intensivo2,0.0
634,34,rodal_15,6,29,Pinus,38,Intensivo2,0.0
635,35,rodal_15,6,29,Pinus,39,Intensivo2,0.0
636,36,rodal_15,6,29,Pinus,40,Intensivo2,0.0
637,37,rodal_15,6,29,Pinus,41,Intensivo2,0.0
638,38,rodal_15,6,29,Pinus,42,Intensivo2,0.0
639,39,rodal_15,6,29,Pinus,43,Intensivo2,0.0
640,0,rodal_16,6,23,Pinus,0,Pulpable,0.0
641,1,rodal_16,6,23,Pinus,1,Pulpable,0.0
642,2,rodal_16,6,23,Pinus,2,Pulpable,0.0
643,3,rodal_16,6,23,Pinus,3,Pulpable,0.0
644,4,rodal_16,6,23,Pinus,4,Pulpable,0.0
645,5,rodal_16,6,23,Pinus,5,Pulpable,0.0
646,6,rodal_16,6,23,Pinus,6,Pulpable,0.0
647,7,rodal_16,6,23,Pinus,7,Pulpable,0.0
648,8,rodal_16,6,23,Pinus,8,Pulpable,11.802919025564833
649,9,rodal_16,6,23,Pinus,9,Pulpable,27.90048718309812
650,10,rodal_16,6,23,Pinus,10,Pulpable,44.30377067182384
651,11,rodal_16,6,23,Pinus,11,Pulpable,60.98705717484701
652,12,rodal_16,6,23,Pinus,12,Pulpable,77.92896795537824
653,13,rodal_16,6,23,Pinus,13,Pulpable,95.11142242948857
654,14,rodal_16,6,23,Pinus,14,Pulpable,112.51891180397284
655,15,rodal_16,6,23,Pinus,15,Pulpable,130.1379737532368
656,16,rodal_16,6,23,Pinus,16,Pulpable,147.9568026425673
657,17,rodal_16,6,23,Pinus,17,Pulpable,0.0
658,18,rodal_16,6,23,Pinus,18,Pulpable,0.0
659,19,rodal_16,6,23,Pinus,19,Pulpable,0.0
660,20,rodal_16,6,23,Pinus,20,Pulpable,0.0
661,21,rodal_16,6,23,Pinus,21,Pulpable,0.0
662,22,rodal_16,6,23,Pinus,22,Pulpable,0.0
663,23,rodal_16,6,23,Pinus,23,Pulpable,0.0
664,24,rodal_16,6,23,Pinus,24,Pulpable,0.0
665,25,rodal_16,6,23,Pinus,25,Pulpable,0.0
666,26,rodal_16,6,23,Pinus,26,Pulpable,0.0
667,27,rodal_16,6,23,Pinus,27,Pulpable,0.0
668,28,rodal_16,6,23,Pinus,28,Pulpable,0.0
669,29,rodal_16,6,23,Pinus,29,Pulpable,0.0
670,30,rodal_16,6,23,Pinus,30,Pulpable,0.0
671,31,rodal_16,6,23,Pinus,31,Pulpable,0.0
672,32,rodal_16,6,23,Pinus,32,Pulpable,0.0
673,33,rodal_16,6,23,Pinus,33,Pulpable,0.0
674,34,rodal_16,6,23,Pinus,34,Pulpable,0.0
675,35,rodal_16,6,23,Pinus,35,Pulpable,0.0
676,36,rodal_16,6,23,Pinus,36,Pulpable,0.0
677,37,rodal_16,6,23,Pinus,37,Pulpable,0.0
678,38,rodal_16,6,23,Pinus,38,Pulpable,0.0
679,39,rodal_16,6,23,Pinus,39,Pulpable,0.0
680,0,rodal_17,6,26,Pinus,4,Multipropósito,0.0
681,1,rodal_17,6,26,Pinus,5,Multipropósito,0.0
682,2,rodal_17,6,26,Pinus,6,Multipropósito,0.0
683,3,rodal_17,6,26,Pinus,7,Multipropósito,0.0
684,4,rodal_17,6,26,Pinus,8,Multipropósito,0.0
685,5,rodal_17,6,26,Pinus,9,Multipropósito,0.0
686,6,rodal_17,6,26,Pinus,10,Multipropósito,0.0
687,7,rodal_17,6,26,Pinus,11,Multipropósito,60.28067578850596
688,8,rodal_17,6,26,Pinus,12,Multipropósito,139.15429084614675
689,9,rodal_17,6,26,Pinus,13,Multipropósito,216.0843619843531
690,10,rodal_17,6,26,Pinus,14,Multipropósito,291.2632689929683
691,11,rodal_17,6,26,Pinus,15,Multipropósito,364.8520537678635
692,12,rodal_17,6,26,Pinus,16,Multipropósito,436.9872651266178
693,13,rodal_17,6,26,Pinus,17,Multipropósito,507.78597538342365
694,14,rodal_17,6,26,Pinus,18,Multipropósito,577.3495356570436
695,15,rodal_17,6,26,Pinus,19,Multipropósito,645.7664393451676
696,16,rodal_17,6,26,Pinus,20,Multipropósito,0.0
697,17,rodal_17,6,26,Pinus,21,Multipropósito,0.0
698,18,rodal_17,6,26,Pinus,22,Multipropósito,0.0
699,19,rodal_17,6,26,Pinus,23,Multipropósito,0.0
700,20,rodal_17,6,26,Pinus,24,Multipropósito,0.0
701,21,rodal_17,6,26,Pinus,25,Multipropósito,0.0
702,22,rodal_17,6,26,Pinus,26,Multipropósito,0.0
703,23,rodal_17,6,26,Pinus,27,Multipropósito,0.0
704,24,rodal_17,6,26,Pinus,28,Multipropósito,0.0
705,25,rodal_17,6,26,Pinus,29,Multipropósito,0.0
706,26,rodal_17,6,26,Pinus,30,Multipropósito,0.0
707,27,rodal_17,6,26,Pinus,31,Multipropósito,0.0
708,28,rodal_17,6,26,Pinus,32,Multipropósito,0.0
709,29,rodal_17,6,26,Pinus,33,Multipropósito,0.0
710,30,rodal_17,6,26,Pinus,34,Multipropósito,0.0
711,31,rodal_17,6,26,Pinus,35,Multipropósito,0.0
712,32,rodal_17,6,26,Pinus,36,Multipropósito,0.0
713,33,rodal_17,6,26,Pinus,37,Multipropósito,0.0
714,34,rodal_17,6,26,Pinus,38,Multipropósito,0.0
715,35,rodal_17,6,26,Pinus,39,Multipropósito,0.0
716,36,rodal_17,6,26,Pinus,40,Multipropósito,0.0
717,37,rodal_17,6,26,Pinus,41,Multipropósito,0.0
718,38,rodal_17,6,26,Pinus,42,Multipropósito,0.0
719,39,rodal_17,6,26,Pinus,43,Multipropósito,0.0
720,0,rodal_18,7,26,Pinus,6,Multipropósito,34.034051117613224
721,1,rodal_18,7,26,Pinus,7,Multipropósito,43.70817684780015
722,2,rodal_18,7,26,Pinus,8,Multipropósito,56.40865214883165
723,3,rodal_18,7,26,Pinus,9,Multipropósito,72.52433207337441
724,4,rodal_18,7,26,Pinus,10,Multipropósito,92.439455485448
725,5,rodal_18,7,26,Pinus,11,Multipropósito,116.5342088228878
726,6,rodal_18,7,26,Pinus,12,Multipropósito,145.18517095652584
727,7,rodal_18,7,26,Pinus,13,Multipropósito,178.76567289822248
728,8,rodal_18,7,26,Pinus,14,Multipropósito,217.6460944714534
729,9,rodal_18,7,26,Pinus,15,Multipropósito,262.1941130341771
730,10,rodal_18,7,26,Pinus,16,Multipropósito,312.77491490011766
731,11,rodal_18,7,26,Pinus,17,Multipropósito,369.7513771820958
732,12,rodal_18,7,26,Pinus,18,Multipropósito,257.80258690816265
733,13,rodal_18,7,26,Pinus,19,Multipropósito,286.36290803200166
734,14,rodal_18,7,26,Pinus,20,Multipropósito,314.425289757841
735,15,rodal_18,7,26,Pinus,21,Multipropósito,342.0226968200309
736,16,rodal_18,7,26,Pinus,22,Multipropósito,369.1844550749215
737,17,rodal_18,7,26,Pinus,23,Multipropósito,395.93679953030767
738,18,rodal_18,7,26,Pinus,24,Multipropósito,422.3033196943213
739,19,rodal_18,7,26,Pinus,25,Multipropósito,448.30532494552097
740,20,rodal_18,7,26,Pinus,26,Multipropósito,473.9621469017641
741,21,rodal_18,7,26,Pinus,27,Multipropósito,499.2913916488136
742,22,rodal_18,7,26,Pinus,28,Multipropósito,0.0
743,23,rodal_18,7,26,Pinus,29,Multipropósito,0.0
744,24,rodal_18,7,26,Pinus,30,Multipropósito,0.0
745,25,rodal_18,7,26,Pinus,31,Multipropósito,0.0
746,26,rodal_18,7,26,Pinus,32,Multipropósito,0.0
747,27,rodal_18,7,26,Pinus,33,Multipropósito,0.0
748,28,rodal_18,7,26,Pinus,34,Multipropósito,0.0
749,29,rodal_18,7,26,Pinus,35,Multipropósito,0.0
750,30,rodal_18,7,26,Pinus,36,Multipropósito,0.0
751,31,rodal_18,7,26,Pinus,37,Multipropósito,0.0
752,32,rodal_18,7,26,Pinus,38,Multipropósito,0.0
753,33,rodal_18,7,26,Pinus,39,Multipropósito,0.0
754,34,rodal_18,7,26,Pinus,40,Multipropósito,0.0
755,35,rodal_18,7,26,Pinus,41,Multipropósito,0.0
756,36,rodal_18,7,26,Pinus,42,Multipropósito,0.0
757,37,rodal_18,7,26,Pinus,43,Multipropósito,0.0
758,38,rodal_18,7,26,Pinus,44,Multipropósito,0.0
759,39,rodal_18,7,26,Pinus,45,Multipropósito,0.0
760,0,rodal_19,7,26,Pinus,12,Multipropósito,110.1934727112764
761,1,rodal_19,7,26,Pinus,13,Multipropósito,159.03056788641226
762,2,rodal_19,7,26,Pinus,14,Multipropósito,206.6274956016959
763,3,rodal_19,7,26,Pinus,15,Multipropósito,253.10123195140517
764,4,rodal_19,7,26,Pinus,16,Multipropósito,298.5507124203133
765,5,rodal_19,7,26,Pinus,17,Multipropósito,343.0605619150829
766,6,rodal_19,7,26,Pinus,18,Multipropósito,386.703880362244
767,7,rodal_19,7,26,Pinus,19,Multipropósito,429.5443620480025
768,8,rodal_19,7,26,Pinus,20,Multipropósito,471.63793463676154
769,9,rodal_19,7,26,Pinus,21,Multipropósito,513.0340452300463
770,10,rodal_19,7,26,Pinus,22,Multipropósito,553.7766826123823
771,11,rodal_19,7,26,Pinus,23,Multipropósito,593.9051992954614
772,12,rodal_19,7,26,Pinus,24,Multipropósito,633.454979541482
773,13,rodal_19,7,26,Pinus,25,Multipropósito,672.4579874182814
774,14,rodal_19,7,26,Pinus,26,Multipropósito,710.9432203526461
775,15,rodal_19,7,26,Pinus,27,Multipropósito,748.9370874732203
776,16,rodal_19,7,26,Pinus,28,Multipropósito,786.4637275295603
777,17,rodal_19,7,26,Pinus,29,Multipropósito,823.5452778439262
778,18,rodal_19,7,26,Pinus,30,Multipropósito,860.2021032610936
779,19,rodal_19,7,26,Pinus,31,Multipropósito,896.4529921766961
780,20,rodal_19,7,26,Pinus,32,Multipropósito,932.3153252839733
781,21,rodal_19,7,26,Pinus,33,Multipropósito,967.8052215670286
782,22,rodal_19,7,26,Pinus,34,Multipropósito,1002.9376652030633
783,23,rodal_19,7,26,Pinus,35,Multipropósito,1037.7266163564354
784,24,rodal_19,7,26,Pinus,36,Multipropósito,1072.1851083096656
785,25,rodal_19,7,26,Pinus,37,Multipropósito,1106.325332947911
786,26,rodal_19,7,26,Pinus,38,Multipropósito,1140.1587162695105
787,27,rodal_19,7,26,Pinus,39,Multipropósito,1173.6959853173994
788,28,rodal_19,7,26,Pinus,40,Multipropósito,0.0
789,29,rodal_19,7,26,Pinus,41,Multipropósito,0.0
790,30,rodal_19,7,26,Pinus,42,Multipropósito,0.0
791,31,rodal_19,7,26,Pinus,43,Multipropósito,0.0
792,32,rodal_19,7,26,Pinus,44,Multipropósito,0.0
793,33,rodal_19,7,26,Pinus,45,Multipropósito,0.0
794,34,rodal_19,7,26,Pinus,46,Multipropósito,0.0
795,35,rodal_19,7,26,Pinus,47,Multipropósito,0.0
796,36,rodal_19,7,26,Pinus,48,Multipropósito,0.0
797,37,rodal_19,7,26,Pinus,49,Multipropósito,0.0
798,38,rodal_19,7,26,Pinus,50,Multipropósito,0.0
799,39,rodal_19,7,26,Pinus,51,Multipropósito,0.0
